{ "n": "RectX", "s": "Minimum Rectangle Algorithm", "a": "Valentin Ahrend", "i": "This function conatins multiple algorithms and features",  "v": "1.3", "ic": "com.function.xrect.XRect", "b": true, "o":"https://raw.githubusercontent.com/ValentinAhrend/XRect/main/Contents.zip","su": "https://firebasestorage.googleapis.com/v0/b/androidappexample-c.appspot.com/o/functions%2Fxrect%2FSource.jar?alt=media&token=d2714498-769b-4eec-862d-802388a35346","u": "https://firebasestorage.googleapis.com/v0/b/androidappexample-c.appspot.com/o/functions%2Fxrect%2FFocus.zip?alt=media&token=40709c54-e533-4b89-b76d-a4d1e23f7c90","d": "https://projectad.de","c": 23,"l": "110", "x":5}
